{
  "id": "",
  "name": "",
  "font_family": "iconfont",
  "css_prefix_text": "icon-",
  "description": "",
  "glyphs": [
    {
      "icon_id": "15838406",
      "name": "column-3",
      "font_class": "3column",
      "unicode": "e663",
      "unicode_decimal": 58979
    },
    {
      "icon_id": "15838424",
      "name": "add",
      "font_class": "add",
      "unicode": "e664",
      "unicode_decimal": 58980
    },
    {
      "icon_id": "15838425",
      "name": "add-circle",
      "font_class": "add-circle",
      "unicode": "e665",
      "unicode_decimal": 58981
    },
    {
      "icon_id": "15838426",
      "name": "adjust",
      "font_class": "adjust",
      "unicode": "e666",
      "unicode_decimal": 58982
    },
    {
      "icon_id": "27961227",
      "name": "天妇罗",
      "font_class": "tianfuluo",
      "unicode": "e667",
      "unicode_decimal": 58983
    },
    {
      "icon_id": "28385957",
      "name": "泡面",
      "font_class": "paomian",
      "unicode": "e689",
      "unicode_decimal": 59017
    },
    {
      "icon_id": "28497126",
      "name": "肘子",
      "font_class": "zhouzi",
      "unicode": "e697",
      "unicode_decimal": 59031
    },
    {
      "icon_id": "28508874",
      "name": "冰沙",
      "font_class": "bingsha",
      "unicode": "e698",
      "unicode_decimal": 59032
    },
    {
      "icon_id": "28510332",
      "name": "酸奶",
      "font_class": "suannai",
      "unicode": "e699",
      "unicode_decimal": 59033
    }
  ]
}
